username;date;retweets;favorites;text;geo;mentions;hashtags;id;permalink
;2019-04-30 13:31;0;1;"Only selectively useful some of the time. It is either hyper-useful or not useful at all and it can get in the way of other things. Very polar. I am reminded of this. Some times they want to be an ENTJ, sometimes an INFJ, and other times an ESTP . https:// twitter.com/amor_vincit_1/ status/1122326654481600512 ‚Ä¶";;;;"1123323997272399872";https://twitter.com/Roland00Address/status/1123323997272399872
;2019-04-12 19:14;0;0;"I am having a sweet and lovely dream that a fun chocoholic ESTP girl, carefully unbuttoning an indigo white kimono, gently patting the nose of a scientifically brilliant chestnut mustang.";;;;"1116887430165037056";https://twitter.com/MBTIhorsewomen/status/1116887430165037056
;2019-04-12 16:29;0;1;"To that I would say: I am an ESTP the Myers-Briggs world. These two paragraphs from http:// 16personalities.com is a great summary as it applies here....";;;;"1116845791786733573";https://twitter.com/RossYingling/status/1116845791786733573
;2019-04-12 10:46;0;0;"For the first time in 10 years my Myers-Briggs has changed. I used to be an archetypal ESTP and now I am an ESFP-A. I blame @KatieGraceNash for making more "feeling"....";;@KatieGraceNash;;"1116759563766652928";https://twitter.com/naimahmnash/status/1116759563766652928
;2019-04-12 05:14;0;0;"I am having a sweet and lovely dream that a lovely chocoholic ESTP smart phone app heiress, surreptitiously drying her eyes with the edge of a floral print pair of flip-flops, sings softly to an attentive but remarkably agile Norwegian Fjord Horse.";;;;"1116676037092499457";https://twitter.com/MBTIhorsewomen/status/1116676037092499457
;2019-04-12 03:39;0;1;"I agree! I would say common sense is also the *dominant function* of any type. Like my brother is an ESTP and he says I have no common sense because I have poor awareness of my physical environment and I am not always consciously paying attention to my surroundings";;;;"1116652112207761408";https://twitter.com/Skyebellsz/status/1116652112207761408
;2019-04-11 18:26;0;1;"In totally not-at-all-shocking news, I am an ESTP -type on the #MyersBrigg . Descriptions of "promotor artisans" or "entrepreneurs" all basically list the worst parts of my personality but in a complimentary light. I don't know whether to be insulted or flattered.";;;#MyersBrigg;"1116512826867310592";https://twitter.com/atlimbo/status/1116512826867310592
;2019-04-10 16:05;0;1;":-) #ESTP : That is exactly what my next door neighbour did with/for me, someone I am sure is an ' ESTP '. BTW I much like your grid/matrix. It seems spot on to me. | #MBTI";;;#ESTP #MBTI;"1116114979395186690";https://twitter.com/The_PPete/status/1116114979395186690
;2019-04-05 13:01;0;0;"I am an ESTP . #MyersBriggs #USA1 42 #NWO 99>1 https:// twitter.com/AndrewYang/sta tus/1114255304429121536 ‚Ä¶";;;#MyersBriggs #USA1 #NWO;"1114256782078222336";https://twitter.com/shyamal_chandra/status/1114256782078222336
;2019-03-20 16:13;0;1;"Okay! I am back. So, I learned today that flexing your fxns is not only healthy, but normal. An ESTP uses Se and Te (dom and aux early in life), but a healthy ESTP can flex and use Si and Te - in fact they do all the time! As does every other type with their dom and aux.";;;;"1108506915754127361";https://twitter.com/artemidite/status/1108506915754127361
;2019-03-13 16:10;0;1;"I am an #ESTP and after learning more and more about #MBTI I‚Äôve learned more about myself and others. It‚Äôs helped me grow and helped me understand other people when interacting with them. (Turns into hulk) rawrrr ESTP Poweeeer! #avenger #personalitytype @leenswithit #SeSmash";;@leenswithit;#ESTP #MBTI #avenger #personalitytype #SeSmash;"1105969464154173440";https://twitter.com/CruzMoves/status/1105969464154173440
;2019-02-21 05:26;0;0;"DONGHAN IS AN ESTJ OSJWKDNWKSNW SNS I am an ESTP orz";;;;"1098574583530246144";https://twitter.com/aenimdwa/status/1098574583530246144
;2019-02-19 05:37;0;0;"@16Personalities This is driving me bonkers, what does the -A/-T on my results mean? I am an ESTP if that means anything. Thanks in advance!";;@16Personalities;;"1097852767689789440";https://twitter.com/EmPilon/status/1097852767689789440
;2019-02-18 10:38;1;1;"Watch an #ESTP vent to an #INFJ about INFJs! I enjoyed this video collab of Frank James and Love Lu. It was interesting to see what an ESTP gets upset about with INFJs since I am one. I kept thinking "Yep. Yep. That's me. I'm sorry. Please love me" https:// youtu.be/RhZIH6Ch2DU";;;#ESTP #INFJ;"1097565999564496896";https://twitter.com/thereelanna/status/1097565999564496896
;2019-02-15 22:42;3;24;"ISTP: I am both bad and an ass: badass INTP: mottos do not make sense ESTP : Just Do It Irresponsibly ENTP: be a circle, have infinite sides ISFP: I don‚Äôt know, therefore I am INFP: go after what you can‚Äôt have ESFP: wild as a lion, soft as a pussy ENFP: enough is not enough";;;;"1096660954581028865";https://twitter.com/CogFun/status/1096660954581028865
;2019-02-15 20:14;0;0;"I am having a sweet and remarkable dream that a perfectly lovely audacious auburn ESTP girl, slowly tearing the seams of an Indian print pair of flip-flops, affectionately kisses the cheek of a remarkably agile Santa Cruz Island horse.";;;;"1096623937109327872";https://twitter.com/MBTIhorsewomen/status/1096623937109327872
;2019-02-06 09:27;0;1;"so it turns out i am definitely an ESTP";;;;"1093199617792061440";https://twitter.com/neopiacentraI/status/1093199617792061440
;2019-02-06 04:36;0;7;"As an ESTP I am in the same boat. But it‚Äôs nice to stumble across another sensor on here! We‚Äôll have to band together and form a sensor‚Äôs union or something where we can discuss concrete topics.";;;;"1093126287047172096";https://twitter.com/ESTPDaniel/status/1093126287047172096
;2019-01-25 04:58;0;5;"I am a tactical genius. Which paired with my wife‚Äôs @SusanStorm984 strategical prowess makes us an amazing team. ESTP , no clue, 6‚Äô";;@SusanStorm984;;"1088783222887141376";https://twitter.com/ESTPDaniel/status/1088783222887141376
;2019-01-22 14:08;0;0;"One time an ESTP friend in college told me that ‚ÄúI‚Äôve changed‚Äù since high school and I was actually pissed off LOL. But mostly because I felt who I am at the core had stayed the same, and she was using se to be like ‚Äúin high school you didn‚Äôt date people or drink, now you do‚Äù";;;;"1087834526565445633";https://twitter.com/MeghanLeVota/status/1087834526565445633
;2018-12-23 17:14;0;0;"I am having a sweet and heavenly dream that a sweetly sentimental green-eyed ESTP goddess, insistently caressing a Wedgwood blue scarf, sings softly to an attentive but remarkably agile palomino.";;;;"1077009532327473152";https://twitter.com/MBTIhorsewomen/status/1077009532327473152
;2018-12-17 22:55;0;0;"took the myers briggs and gurl i am an estp";;;;"1074921039489044481";https://twitter.com/_carljoshua/status/1074921039489044481
;2018-12-06 20:05;0;0;"I‚Äôm an INFJ and he‚Äôs an ESTP , that speaks a lot right? He balanced me. Grateful, I am";;;;"1070892139150696448";https://twitter.com/dilaaariani/status/1070892139150696448
;2018-11-25 20:14;0;0;"I am having a sweet and sweet dream that a devoutly religious but miraculous violet-eyed ESTP jet setter, insistently caressing an Indian print bandolier, soothes away the debilitating fear in the mind of a sleepy mustang.";;;;"1066907954346110977";https://twitter.com/MBTIhorsewomen/status/1066907954346110977
;2018-11-11 21:30;0;0;"It‚Äôs like saying an ESTP painter leads with Fi because art is the domain of Fi. Anyways. I might be wrong I am open to your views after I write the article. As a final note: many people are curious about his true type because Se dom doesn‚Äôt fit well.";;;;"1061853714544316417";https://twitter.com/CogFun/status/1061853714544316417
;2018-11-11 21:18;0;0;"- celebrities. Over time, the quality of my contents and arguments will show if I am a trustable source. So I actually risk looking like an idiot when I say Truml is INTP while everyone else says ESTP . But when I see it, I like to take the risk and present my argument.-";;;;"1061850654975672320";https://twitter.com/CogFun/status/1061850654975672320
;2018-10-26 10:14;0;2;"I am ESTP . Is this an explanation as to why I can't remember what this means?";;;;"1055870396065550338";https://twitter.com/DrFothers/status/1055870396065550338
;2018-10-26 00:14;0;0;"I am having a sweet and quick-witted dream that a philosophically anarchistic gentle ginger ESTP jet setter, knowingly tearing the seams of an indigo white sunbonnet, coyly feeds a handful of eucalyptus to a remarkably agile Welsh pony.";;;;"1055719175560269824";https://twitter.com/MBTIhorsewomen/status/1055719175560269824
;2018-10-18 13:44;0;0;"I am having a sweet and masterful dream that a chic, well-groomed gentle ginger ESTP lady, really quite magical, flipping her long and silky tresses over a floral print pair of jeans, shares an intimate moment with a gigantic and exciting Icelandic horse.";;;;"1053023920390135808";https://twitter.com/MBTIhorsewomen/status/1053023920390135808
;2018-10-16 15:11;0;0;"(Boi it's cleared I'm basically an ESTP ) I am 45% Judging and 55% Perceiving, I am Flexibly Focused! Myers-Briggs: Are You Judging or Perceiving? @BrainFall #BrainFall http://www. brainfall.com/r/2y76t1/";;@BrainFall;#BrainFall;"1052321204420395010";https://twitter.com/daepicfirestar/status/1052321204420395010
;2018-10-12 18:13;0;0;"I am having a sweet and enchanting dream that an ardently passionate ESTP colleen, waving long and lustrous hair off her face while pulling on a sky blue kimono, soothes away the debilitating fear in the mind of a generally laid back Highland Pony.";;;;"1050917511204655104";https://twitter.com/MBTIhorsewomen/status/1050917511204655104
;2018-09-29 06:59;0;0;"As an INFP my matches are ESTP , ESTJ and ESFP. Famous ESTP Clooney, and ew Donald Trump. ESTPs cheat so not dating onen ESTJ yuk. ESFP includes DiCaprio, Bob Hope & Presley. No wonder I cant find anyone I like. I am too ethical for 2/3 of the men who are supposed to be my match";;;;"1046036839906209792";https://twitter.com/LauraAnnTull/status/1046036839906209792
;2018-09-29 00:55;0;0;"I AM AN ENTP NOT AN ESTP . Am i?";;;;"1045945037140287488";https://twitter.com/purplxpvndv/status/1045945037140287488
;2018-09-25 23:40;0;2;"My husband and I just took the Myers Briggs Personality Test and he‚Äôs an ESTP (Entrepreneur) and I am ENFP(Campaigner).";;;;"1044839101034364928";https://twitter.com/Julie_Rebollar/status/1044839101034364928
;2018-08-15 17:00;0;0;"YES! I'll have you know, then, that I am a Ravenclawesome ESTP with an Enneagram 3 and a sanguine disposition. But since I'm also American, I should announce that I am also a Wampus. pic.twitter.com/mR5HBpsHQz";;;;"1029880573928648704";https://twitter.com/piratesnpixdust/status/1029880573928648704
;2018-08-08 14:27;0;0;"He's an ESTP and I am an INFJ";;;;"1027305431969030154";https://twitter.com/maddiefuck1/status/1027305431969030154
;2018-08-06 10:51;0;14;"Being married to an #ESTP I frequently realize how much more capable he is of realistically foreseeing how pleasant experiences will be than I am . For example, this whole summer I planned a camping trip for our family (mind you, we have five kids).";;;#ESTP;"1026526173134766080";https://twitter.com/SusanStorm984/status/1026526173134766080
;2018-07-19 20:22;1;2;"Husband and I just took a Myers Briggs personality assessment. Perhaps predictably, I am an #INFJ and he is an #ESTP . #oppositesattract , I guess? #thisexplainssomuch";;;#INFJ #ESTP #oppositesattract #thisexplainssomuch;"1020146982780719105";https://twitter.com/kellzdalz/status/1020146982780719105
;2018-07-16 03:55;0;1;"deadpool is an estp /entp and i am an intj, pero why do i relate to him so much???? why am i a literal asshole with zero social skills but he is actually my inner thoughts? america explain";;;;"1018811300946690048";https://twitter.com/sickdaddy666/status/1018811300946690048
;2018-07-03 00:43;0;0;"I am having a sweet and remarkable dream that a glamorous redheaded ESTP software heiress, flipping her long and silky tresses over a awesome magenta petticoat, shares an intimate moment with a visibly shaking Basque mountain horse.";;;;"1014051982217306112";https://twitter.com/MBTIhorsewomen/status/1014051982217306112
;2018-06-23 13:13;0;0;"I am having a sweet and exciting dream that a chic, well-groomed messy-haired auburn ESTP debutante, waving long and lustrous hair off her face while pulling on a wisteria blue beret, shares an intimate moment with a friendly and calm Norwegian Fjord Horse.";;;;"1010616854086389760";https://twitter.com/MBTIhorsewomen/status/1010616854086389760
;2018-06-22 16:13;0;0;"I am having a sweet and wonderful dream that a heavily tattooed grey-eyed ESTP clubwoman, delicately adjusting a French blue petticoat, shares an intimate moment with a knowingly thoughtful blue-eyed cremello Danube Delta horse.";;;;"1010299739190059009";https://twitter.com/MBTIhorsewomen/status/1010299739190059009
;2018-06-21 18:08;0;6;"After years of being an ESTP , I am now an ENFJ.";;;;"1009966279397003264";https://twitter.com/sanaysasanaysay/status/1009966279397003264
;2018-06-19 21:46;0;0;"I am an ESTP what is yours?";;;;"1009296420996698112";https://twitter.com/yuntokkii/status/1009296420996698112
;2018-06-04 20:37;0;1;"i cannot accept my ESTP status I am an ENTP";;;;"1003843150694080512";https://twitter.com/witchsenpai/status/1003843150694080512
;2018-06-03 14:13;0;0;"I am having a sweet and beautiful dream that a enchanting chocoholic ESTP software heiress, flipping her long and silky tresses over a blue and green plaid workshirt, sings softly to an attentive but sleepy Canadian Pacer horse.";;;;"1003384163565785088";https://twitter.com/MBTIhorsewomen/status/1003384163565785088
;2018-05-29 07:43;0;0;"Who's taken the #myersbriggs personality test? Freakily weird.. I am an ESTP and it literally sums up exactly who I am . It said my values at work include autonomy, variety, independence, and structure.. accurate. down. to. a. T.";;;#myersbriggs;"1001474171652669440";https://twitter.com/powercircleuk/status/1001474171652669440
;2018-05-28 05:50;0;0;"http://www. socionics.org/theory/dl_lett er.html ‚Ä¶ I am frankly mystified by his conclusion that Lavrenty Beria was an ESTP .";;;;"1001083315057606657";https://twitter.com/Voodooqueen126/status/1001083315057606657
;2018-05-12 00:17;0;1;"I just re-took the test and it says I am an ESTP now! That seems more accurate, but I can relate to some of the other.";;;;"995201185035575296";https://twitter.com/nightowlrradio/status/995201185035575296
;2018-04-28 15:14;0;1;"Haha! I get that! My mom is an INTJ. My dad is an ESTP . I am an INTJ. My sister is also an IXTJ, but a lot more different from me. My brother is INTP. Shenanigans ensue. So many shenanigans. We're all weird. We all love a good pun.";;;;"990353564383043584";https://twitter.com/J_A_Rama_SFF/status/990353564383043584
;2018-03-25 04:57;1;1;"can u confirm i am an estp @hiraethdarko";;@hiraethdarko;;"977877037972054016";https://twitter.com/LivWilkinss/status/977877037972054016
;2018-03-02 01:37;0;0;"just found out i am an ESTP";;;;"969506942895890432";https://twitter.com/imjustintimothy/status/969506942895890432
;2018-02-22 22:56;0;0;"https://www. surveygizmo.com/s3/1073088/Gen ius-Style-Assessment ‚Ä¶ I am an ESTP";;;;"966929658951360512";https://twitter.com/The_Giant_Irish/status/966929658951360512
;2018-02-09 08:17;0;5;"i retook the meyers briggs personality test and i knew i would get a different result. literally i am the polar opposite of myself 3 years ago. i was an ESTP but i took it today out of curiosity and i am actually an INFJ-T and is incredibly accurate";;;;"961997442353856513";https://twitter.com/jmsnrvrs/status/961997442353856513
;2018-01-29 19:26;1;1;"An Egyptian themed turtle that has an personality of ESTP . She was fun to draw and finish up! Enjoy, This was made from the OC maker meme going around from here https:// twitter.com/izombiesue/sta t.....29210881146886 ‚Ä¶ -- I am selling her for $15 paypal if anyone wants her, comment! pic.twitter.com/XUAvdawAs0";;;;"958179629965168640";https://twitter.com/izombiesue/status/958179629965168640
;2018-01-27 19:51;0;0;"I am an #ESTP";;;#ESTP;"957461152371486721";https://twitter.com/chapstickaddict/status/957461152371486721
;2018-01-09 12:17;0;0;"I just found out I am an ESTP . What personality type do you think you are? Find out now for free! https:// my-personality-test.com/personality-ty pe-indicator ‚Ä¶";;;;"950823803843760128";https://twitter.com/tsuraco/status/950823803843760128
;2018-01-07 07:50;0;0;"I am insanely into an ESTP . idek how that happened. We‚Äôre basically opposites";;;;"950031861744619520";https://twitter.com/braaiinfood/status/950031861744619520
;2018-01-06 22:36;0;1;"I've been watching so many @hannahwitton videos that I'm contemplating giving 'drunk advice' of my own I am willing to place a wager that she's an ENFJ or maybe an ESxP. But 99% sure ENFJ, then 0.74% ESFP, then 0.25% ESTP Shit. Now I must know Enneagram... 9... w1?";;@hannahwitton;;"949892408812044288";https://twitter.com/anENFP/status/949892408812044288
;2018-01-06 22:29;0;0;"You certainly are Donald! The coolest thing is that you and I have same brain thoughts and style. I am an ESTP , same as you! I need to be your secretary of Common Sense! The USA needs one!";;;;"949890820135583744";https://twitter.com/PizzeriaChicago/status/949890820135583744
;2017-12-26 01:14;0;1;"‚ÄúYour mom is an ESTP and I am an INTJ, how tf are we compatible?!!!‚Äù";;;;"945583615357763586";https://twitter.com/lordtheus/status/945583615357763586
;2017-12-13 10:34;0;1;"I enjoy that we're constantly interacting and make a fantastic team. Yes, I am looking for more. Is it worth noting that he has no idea what an ESTP is?";;;;"941013352549109761";https://twitter.com/_laurensprfls/status/941013352549109761
;2017-12-09 13:24;0;1;"I am an ESTP . I DO NOT CRY at things. I bawled my eyes out while watching that. Like a Mom of two boys. That piece of art took me to 15 years from now when my chubby 3 year old gets his enlistment papers.";;;;"939606820699758592";https://twitter.com/gail_mayes/status/939606820699758592
;2017-12-06 17:37;0;1;"I'm curious. I am an #extrovert #enfp . It seems most #writers say they are #introverts . If you are an extrovert, what led you to writing? #mbti #extroverts #personality #whyiwritewed #enfj #esfp #ESFJ #estj #estp #entp #entj";;;#extrovert #enfp #writers #introverts #mbti #extroverts #personality #whyiwritewed #enfj #esfp #ESFJ #estj #estp #entp #entj;"938583203157245952";https://twitter.com/SJGreenHart/status/938583203157245952
;2017-12-02 12:29;0;0;"i've seen many estp 's my father, brother, one uncle... the owner of the place in which i work. a lot of friends..and they are so they feel like the word owes them.. i am an intp and i'd say that most of ESTP 's are like that! not all of them though trump is an ESTP .";;;;"937056144585093125";https://twitter.com/homayoundeutsch/status/937056144585093125
;2017-11-23 10:13;0;1;"Adventures! I am the complete opposite, INFJ, but dated an ESTP - what a roller-coaster. Most fun I've ever had with anyone and least compatible.";;;;"933760380169572358";https://twitter.com/ShawnFulford/status/933760380169572358
;2017-11-09 10:52;0;1;"Also interesting to note: - All of my D&D chars so far have been Ps. - This is my first introvert in D&D (not of all the chars I've written--she's not even my first ISFP) - 3 of them have been sensors ( ESTP cleric, ESFP rogue, ISFP ranger and then an ENFP bard. I am an ENFP.)";;;;"928696696065761280";https://twitter.com/thetomatowriter/status/928696696065761280
;2017-11-06 03:58;0;0;"So I took the personality test twice, apparently I am an ESTP . Not what I expected but I can see myself in that personality.";;;;"927505484801863680";https://twitter.com/Hummam_Rihawi/status/927505484801863680
;2017-10-31 10:42;0;0;"Apparently I am an ESTP . https:// my-personality-test.com/results/213064 3074202414014/personality-type-indicator ‚Ä¶ #ESTP";;;#ESTP;"925417733612883968";https://twitter.com/reesmf/status/925417733612883968
;2017-10-30 22:40;0;1;"From ENFP, I am now an ESTP . So hindi talaga ako introvert!?";;;;"925236099672260608";https://twitter.com/ronaldgem/status/925236099672260608
;2017-10-04 19:07;0;2;"YEEES do it!!! I say that because I have never met an ESTP before ahah ( I am an INFJ)";;;;"915760376599412736";https://twitter.com/fmabadr/status/915760376599412736
;2017-09-24 18:02;0;3;"I am sooo much more pronounced in my Ti & Se now that I'm married to an ESTP . My ESFP mom uses her Ni & Te a lot more with my ENTJ dad";;;;"912119974092836864";https://twitter.com/SusanStorm984/status/912119974092836864
;2017-09-20 14:33;0;0;"Hi I am on the hunt for an ENTJ or ESTP . Apply within. - From an ESTJ";;;;"910618058322046976";https://twitter.com/DavidC516/status/910618058322046976
;2017-09-13 09:22;0;0;"bad news: i've spent all afternoon procrastinating good news: i now know that i am an ESTP person";;;;"908003061263728640";https://twitter.com/katyazvmo/status/908003061263728640
;2017-08-28 11:23;0;0;"we are the same! I am an ESTP . I don't know but my couple is I something, E & I complete each other i guess.";;;;"902235133679345664";https://twitter.com/chaneoul/status/902235133679345664
;2017-08-24 16:29;0;2;"Um... I am also an #ESTP on the #MyersBriggs scale. http://www. myersbriggs.org/my-mbti-person ality-type/mbti-basics/the-16-mbti-types.htm?bhcp=1 ‚Ä¶ says that we "learn best by doing." @dadwroteaporno";;@dadwroteaporno;#ESTP #MyersBriggs;"900862703564193792";https://twitter.com/GeminiLass/status/900862703564193792
;2017-08-24 09:34;0;2;"@dadwroteaporno OMG. Love Myers Briggs and similar tests and I am genuinely an ESTP ... this may be one of the best days of my life ;0)";;@dadwroteaporno;;"900758271463706624";https://twitter.com/Staggly/status/900758271463706624
;2017-07-29 06:32;0;1;"In reality I know I am pribably either an ESTP or an ESTJ. Depends on the day.";;;;"891290396462133248";https://twitter.com/paulquaye/status/891290396462133248
;2017-07-27 02:56;0;0;"Omg the only ESTP I ever knew did kind of a scummy thing at work too what's ur type? I am an INFJ (I think!)";;;;"890511269354237952";https://twitter.com/fmabadr/status/890511269354237952
;2017-07-26 19:05;0;1;"I am an ESTP (so I apologize) but thank god I'm not an ESTJ. That would change everything.";;;;"890392562564907009";https://twitter.com/GrandmaWick/status/890392562564907009
;2017-06-24 05:17;0;0;"I am an ESTP through and through, hahaha! I do not understand what is FREE SPACE, so I did not mark it, but def I am not a meme lover. pic.twitter.com/COiq9uU3Wl";;;;"878587775032770560";https://twitter.com/karassi_/status/878587775032770560
;2017-06-11 03:35;0;0;"wtf now I am an ESTP . WHAT IS THE TRUTH?";;;;"873851164290240512";https://twitter.com/lqsunhee/status/873851164290240512
;2017-06-10 22:09;0;0;"i am an estp";;;;"873769181367463936";https://twitter.com/n0se6leed/status/873769181367463936
;2017-06-01 06:12;0;0;"Dorte Mandrup on gender: " I am not a female architect. I am an architect" | @scoopit http:// sco.lt/5vLIIL";;@scoopit;;"870266694169751552";https://twitter.com/biblio_estp/status/870266694169751552
;2017-05-28 06:22;2;3;"I believe I am an ESTP . That is a dyslexic PEST. https:// twitter.com/PersonalityGro w/status/868102261649666048 ‚Ä¶";;;;"868819804056104960";https://twitter.com/paulquaye/status/868819804056104960
;2017-05-05 00:17;0;1;"Myers-Briggs Type Indicator¬Æ results: I am an ESTP personality type...! #MBTI #MBA";;;#MBTI #MBA;"860392925867384833";https://twitter.com/rudianto2101/status/860392925867384833
;2017-05-02 10:30;0;0;"Sister, I am an ESTP , on Myers_Briggs, meaning I can‚Äôt get out of bed w/o clear instructions. Pick one and I‚Äôm on it :)";;;;"859460112359997440";https://twitter.com/Weegee/status/859460112359997440
;2017-05-01 12:55;0;0;"From this day, the 1st of May at 15:54, I am no longer an ESTP . Thank you for your cooperation. Sincerely, Management.";;;;"859134137751523330";https://twitter.com/HeyHey_ItsRay/status/859134137751523330
;2017-04-28 12:55;0;0;"I am an ESTP";;;;"858047096213184513";https://twitter.com/purpleprint24/status/858047096213184513
;2017-04-23 12:43;0;0;"ZAMM is epistemological in nature. I identify totally with Phaedrus, who is probably an ISTP/SP. I am an ESTP /SP. T‚Ä¶ https:// lnkd.in/dSnJrEy";;;;"856232147002290178";https://twitter.com/thomasw540/status/856232147002290178
;2017-04-14 11:38;0;2;"I am an ISFJ (Defender). ESTP (Entrepeneur) or ESFP (Entertainer) where ya at? https:// twitter.com/escofree/statu s/852948917918593024 ‚Ä¶";;;;"852954165689143297";https://twitter.com/omdxxxx/status/852954165689143297
;2017-03-31 01:14;0;0;"I am positive Taylor Swift is an ESTP . It's less about the content of her songs and more her facial expressions & way of carrying herself";;;;"847723822509772800";https://twitter.com/jdempcy/status/847723822509772800
;2017-03-29 02:07;0;0;"I am an ESTP on the Myer Briggs, no fucking wonder I'm a fucking animal";;;;"847012298829037568";https://twitter.com/justapandaa/status/847012298829037568
;2017-03-20 02:52;0;0;"I am an ESTP . Am I doing what I am ... Good to know I am https:// twitter.com/wef/status/843 747203793506304 ‚Ä¶";;;;"843762097335013377";https://twitter.com/SylviaVanni/status/843762097335013377
;2017-03-15 17:01;0;4;"When I first took the Jung personality test in 9th grade I was an infj. I just took it now and got estp . Either I am broken or the test is";;;;"842163849549701121";https://twitter.com/ShuuBetterRun/status/842163849549701121
;2017-02-21 10:30;10;92;"So I took the MBTI test yesterday and found out I am an ESTP . I got curious and... pic.twitter.com/VxDlAbmg5b";;;;"834108048897609729";https://twitter.com/n_nunl/status/834108048897609729
;2017-02-17 06:04;0;0;"[ i am an ESTP ehe. ]";;;;"832591447350063105";https://twitter.com/inifinitelkm/status/832591447350063105
;2017-02-15 16:26;0;0;"Condolences. I am an INTJ, emphasis on J, who once worked with an ESTP , with big emphasis on the P. It was painful.";;;;"832023212133330945";https://twitter.com/CatWheater/status/832023212133330945
;2017-02-09 21:17;0;0;"I am an ESTP . üñí";;;;"829922277764456448";https://twitter.com/sxtgotloco/status/829922277764456448
;2017-01-06 18:43;0;1;"Often I feel so lost in my thoughts that I am blind to the world around me. I wonder what it's like to be an #esfp or #estp";;;#esfp #estp;"817562361083162628";https://twitter.com/simplemegster/status/817562361083162628
;2016-12-13 00:24;0;1;"Just took the Meyer Briggs personality test lol I am an ESTP individual. The shit that happens before you KO";;;;"808588332238147584";https://twitter.com/lizlemonkim/status/808588332238147584
;2016-12-01 09:33;0;1;"lol i am an ESTP lawrence";;;;"804377936090566657";https://twitter.com/aran_mcdermott/status/804377936090566657
;2016-11-26 11:43;0;1;"If there's one thing online fandom has taught me, it's that I am forever an ESTP in a world of INFJs.";;;;"802598781518802944";https://twitter.com/Toukochan/status/802598781518802944
;2016-10-27 09:36;0;11;"breaking news: college has changed my personality type from an ESTP to an ESTJ. I am no longer a person who doesn't need plan.";;;;"791679952676646913";https://twitter.com/emilywolf33/status/791679952676646913
;2016-10-19 13:20;1;1;"" I am late because I'm a ESTP " " I just ran over your dog because I'm an ISTJ" "You see I am an ENTP so I spoke over you 12 times"";;;;"788837346892324865";https://twitter.com/calmdownhun/status/788837346892324865
;2016-10-07 18:44;0;0;"the rest of it gets a little unrelatable, I think I am an ESTP now, that one fits a lot better";;;;"784570116977598465";https://twitter.com/StephaliciousD/status/784570116977598465
;2016-10-03 21:52;0;1;"Can I match with an ESTP on tinder though?? Knowing full well that I am an aggro INFJ?";;;;"783167930766950402";https://twitter.com/yoloragebro/status/783167930766950402
;2016-09-28 18:29;0;1;"ESTP . I am an ESTP tonight.";;;;"781304917814280193";https://twitter.com/stephliak/status/781304917814280193
;2016-09-09 15:09;0;4;"Just found out I am an ESTP personality type. I share it with @realDonaldTrump , @Madonna , and @eddiemurphy . I think I feel good about this.";;@realDonaldTrump @Madonna @eddiemurphy;;"774369142157615104";https://twitter.com/ericscarborough/status/774369142157615104
;2016-09-07 19:30;0;0;"Had to take a personality test for my class. I'm an ESTP and supposedly I am very compatible with a ESFP if you're an ESFP hmu";;;;"773710088880074752";https://twitter.com/LC_Flipz/status/773710088880074752
;2016-08-05 23:43;0;0;"Halo ESTP , i am an ENTP. https:// twitter.com/KMCNGHA/status /761814244169949184 ‚Ä¶";;;;"761815035148591104";https://twitter.com/HEXAGIONAL/status/761815035148591104
;2016-07-22 22:04;0;2;"Apparently I'm an ESTP personality type and this description is so accurate I am afraid.";;;;"756716710456025088";https://twitter.com/jaileybonez/status/756716710456025088
;2016-07-08 23:59;0;0;"that was literally the only thought process that seemed reasonable to me at the time. i am very much an estp";;;;"751672052789239808";https://twitter.com/ashenyggdrasil/status/751672052789239808
;2016-07-06 10:45;0;0;"Yes, it is difficult finding a partner when your exact opposite are ESTPs. I would rather live alone than be with an ESTP . I am";;;;"750747404643610624";https://twitter.com/mosely_mark/status/750747404643610624
;2016-06-15 23:28;0;0;"I am ESTP and I think I am also an ambivert";;;;"743329344399900672";https://twitter.com/Trinny_C/status/743329344399900672
;2016-06-08 21:51;0;0;"From an ISTJ to an ESTP . Is this achievement? I am shocked.";;;;"740768213819068416";https://twitter.com/theFazirah/status/740768213819068416
;2016-05-31 23:24;0;0;"I am an estp anyone who is an infj is my enemy and i will end you";;;;"737892460941213697";https://twitter.com/gaiuskaiserr/status/737892460941213697
;2016-05-25 15:37;0;1;"When your summer school course about ancient cities makes you take a personality text (FYI, I am an ESTP ) pic.twitter.com/L0ZOcmiLnK";;;;"735600829542064129";https://twitter.com/CarinaFidanza/status/735600829542064129
;2016-05-14 11:44;0;0;"Now I am an offical EUROTAS-Supervisor ( ESTP ) of the "European Transpersonal Association". Supervisions can be... http:// fb.me/1eozpHlqK";;;;"731555678976872448";https://twitter.com/freiraumSoest/status/731555678976872448
;2016-03-09 13:14;0;1;"according to the myers briggs test i just took, i am either entp, entj, estp , or estj. when do i get an international whatever that is day";;;;"707675986586968065";https://twitter.com/tylersnotes/status/707675986586968065
;2016-02-04 21:04;0;0;"@stephliak Tonight I am an ESTP";;@stephliak;;"695472988142092288";https://twitter.com/stephliak/status/695472988142092288
;2016-01-24 18:16;0;1;"I dont know why I'm so opposed to an ISTP+ ESTP ship but I Am I hope sarah redeems herself soon";;;;"691444378032869381";https://twitter.com/kim_sihyuns/status/691444378032869381
;2016-01-20 09:14;0;3;"@LizaNgenye Yea i did! i found that I am an ESTP";;@LizaNgenye;;"689858567474679811";https://twitter.com/enan_wangai/status/689858567474679811
;2016-01-12 05:31;0;0;"I used to be an ENTF, then I was an ENTP. Now, it seems, I am an ESTP . http:// fb.me/76HHGWvDZ";;;;"686903269269069825";https://twitter.com/IndyShtale/status/686903269269069825
;2015-11-26 19:32;0;0;"http:// irlneferpitou.tumblr.com/post/133999994 703/momoemarias-ive-wanted-to-make-this-for-months ‚Ä¶ I am an ISTJ, Izumi is an ESTP , theoretically ISTJ and ESxP goes well together (yes)";;;;"670082802575155200";https://twitter.com/okurawr/status/670082802575155200
;2015-11-26 19:26;0;0;"I JUST SAW THE OOFURI MBTI OMG IZUMI IS AN ESTP ,,,,, I AM AN ISTJ LOL";;;;"670081208873807877";https://twitter.com/okurawr/status/670081208873807877
;2015-11-16 11:33;0;1;"@INukeYou I'm an ESTP ! We're just one letter off! (Except sometimes I do get I. Depening on how tired I am of my kids when I take the test)";;@INukeYou;;"666338388501368832";https://twitter.com/BriannaShrum/status/666338388501368832
;2015-09-30 06:32;0;0;"I am an ESTP , what are you? https:// lnkd.in/eX8i_GX";;;;"649215140533932032";https://twitter.com/CMessemaeckers/status/649215140533932032
;2015-09-29 15:08;0;0;"ok so if there's an ESTP or ESFP who can cook and can handle stubbornness, I am here";;;;"648982795495297024";https://twitter.com/Tamacchii/status/648982795495297024
;2015-09-24 14:34;0;0;"also i took a MBTI test and it said i am an ENTP/ ESTP is that good";;;;"647162291679547392";https://twitter.com/starksarcasm/status/647162291679547392
;2015-09-16 19:28;0;1;"I blame all my struggles in school based on the fact I am an ESTP .";;;;"644336976318066688";https://twitter.com/austinbpeacock/status/644336976318066688
;2015-08-03 21:25;0;0;"I am an ESTP ! See your own personality type with this free personality test! http://www. personalityperfect.com/?p=17 via @@personalityPT";;@ @personalityPT;;"628421450169319424";https://twitter.com/avisudian/status/628421450169319424
;2015-07-31 09:23;0;0;"Sunggyu's personality is ISTP meanwhile my personality is ESTP . Okay, he is an introvert and I am an extrovert. Opposite really attracts.";;;;"627152647267741696";https://twitter.com/jiwon_ph/status/627152647267741696
;2015-07-30 14:56;0;1;"Today I found out I am an ESTP";;;;"626874076225753088";https://twitter.com/joe_petch/status/626874076225753088
;2015-07-25 21:52;0;0;"technically i'm an ESTP but at heart i am still an ENTJ";;;;"625166707733213184";https://twitter.com/grohliest/status/625166707733213184
;2015-07-21 08:01;0;0;"but it was only like 3% intuitive so the site was like "youre probably also an ESTP " i am forever the shitstarter.";;;;"623508012582350850";https://twitter.com/KennieEH/status/623508012582350850
;2015-07-16 16:39;1;1;"@MaxImusBcom did the test and I am an ESTP , same as Han Solo from @starwars - I can live with that! pic.twitter.com/A4UspMNKkP";;@MaxImusBcom @starwars;;"621826408520790016";https://twitter.com/BrendanIhmig/status/621826408520790016
;2015-07-08 06:31;0;2;"I am looking for an ESTP or an ESFP. Where are you my love?";;;;"618774391191568384";https://twitter.com/kayyedg/status/618774391191568384
;2015-06-19 08:45;0;2;"@coedmc Oh man, every Myers-Briggs test say I am an ESTP ! But those are just tests on the internet...";;@coedmc;;"611922842918088708";https://twitter.com/MrKhoiTran/status/611922842918088708
;2015-05-08 11:54;0;2;"I am an INTJ - the Mastermind! http://www. truity.com/intj Hit me up if you're ISTP, ESTP , ESTJ, or ENFP";;;;"596750111826411520";https://twitter.com/NickKnackAttack/status/596750111826411520
;2015-05-06 10:02;0;2;"What is your #MBTI personality type? I am an ESTP , just like Madonna, Winston Churchill and Donald Trump! :)";;;#MBTI;"595997022521565185";https://twitter.com/changeunlimited/status/595997022521565185
;2015-05-05 06:03;0;0;"What is your personality type, according to the Myers-Briggs Type Indicator? I am an #ESTP . We're enthusiastic and great motivators!";;;#ESTP;"595574463405662208";https://twitter.com/changeunlimited/status/595574463405662208
;2015-04-22 14:43;0;0;"Ask an ESTP : It's confirmed, I took an mbti inventory with a certified psychologist and I am an ESTP with a ra... http:// bit.ly/1Jdshvg";;;;"590994474416746497";https://twitter.com/TypologyCentral/status/590994474416746497
;2015-04-08 21:57;0;0;"@EthiopianKvng woow. I am like an estp !";;@EthiopianKvng;;"586030068402487297";https://twitter.com/_stevoooo/status/586030068402487297
;2015-04-05 16:17;0;0;"I am an ESTP - The Dynamo! http://www. truity.com/estp Wha tare you? :)";;;;"584857503860563968";https://twitter.com/Astrudtweety/status/584857503860563968
;2015-03-27 23:29;0;1;"I am an ESTP - The Dynamo! http://www. truity.com/estp";;;;"581704610554888192";https://twitter.com/1teenslife/status/581704610554888192
;2015-03-24 05:20;0;0;"i-am -yin: i will literally fight you if you think Draco Malfoy is an ESTP http:// tmblr.co/Z1x_Lv1ge5a8R";;;;"580343374378627072";https://twitter.com/BoingoBoing/status/580343374378627072
;2015-03-22 13:23;0;0;"well, now I am looking into what an ESTP is since Chris Cloud is one. and I am an INFJ. I tried to find a... http:// fb.me/3EYdv2iZ8";;;;"579740237007626240";https://twitter.com/voog/status/579740237007626240
;2015-03-06 04:08;0;0;"OMG, I am an ESTP and a Gemini, hahaha! Clash clash! But I am a living paradox. pic.twitter.com/UMPn2txlNh";;;;"573817549365899264";https://twitter.com/karassi_/status/573817549365899264
;2015-02-28 12:47;0;0;"I am an ESTP (Turbulent). What is your type? http://www. 16personalities.com/free-personali ty-test ‚Ä¶ #16Personalities";;;#16Personalities;"571773676103712768";https://twitter.com/Fusanoshin/status/571773676103712768
;2015-02-27 15:21;0;0;"I am an ESTP (Turbulent). A lot different from what I used to be (INTP) when I was younger! http://www. 16personalities.com/free-personali ty-test ‚Ä¶ #16Personalities";;;#16Personalities;"571449960794853376";https://twitter.com/tendajithelion/status/571449960794853376
;2015-02-26 08:06;0;0;"I am an ESTP (Assertive personality) What is your type? http://www. 16personalities.com/free-personali ty-test/dd135db5a05ee4082ccb96866c1f702c ‚Ä¶ #16Personalities";;;#16Personalities;"570978216057409537";https://twitter.com/Giveupdfunk/status/570978216057409537
;2015-02-15 17:06;0;0;"I am an ESTP (Assertive). What is your type? http://www. 16personalities.com/free-personali ty-test ‚Ä¶ #16Personalities @heephrodisiac";;@heephrodisiac;#16Personalities;"567127914244632577";https://twitter.com/karassi_/status/567127914244632577
;2015-02-15 07:05;0;0;"I am an ESTP (Turbulent). What is your type? http://www. 16personalities.com/free-personali ty-test ‚Ä¶ #16Personalities";;;#16Personalities;"566976618707435520";https://twitter.com/oraenjibit/status/566976618707435520
;2015-02-10 22:25;0;0;"I am an ESTP (Assertive). What is your type? http://www. 16personalities.com/free-personali ty-test ‚Ä¶ #16Personalities";;;#16Personalities;"565396107245916161";https://twitter.com/MactheHusky/status/565396107245916161
;2015-02-08 18:52;0;0;"I am an ESTP (Assertive). What is your type? http://www. 16personalities.com/free-personali ty-test/fd9e222262624c74a7d60d5e46c70700 ‚Ä¶ #16Personalities";;;#16Personalities;"564617918319575042";https://twitter.com/denesse95/status/564617918319575042
;2015-02-04 08:38;0;0;"I am an ESTP (Assertive). What is your type? http://www. 16personalities.com/free-personali ty-test/df44366f5e1012f498fec28b17f85c76 ‚Ä¶ #16Personalities";;;#16Personalities;"563013712974716928";https://twitter.com/nathanlafauci/status/563013712974716928
;2015-02-03 07:43;0;0;"I am an ESTP (Turbulent). What is your type? http://www. 16personalities.com/free-personali ty-test/b6bff8bbbb4be23472d6867deadc5b32 ‚Ä¶ #16Personalities";;;#16Personalities;"562637441119436802";https://twitter.com/evaaalee/status/562637441119436802
;2015-02-02 20:43;0;0;"I am an ESTP (Turbulent). What is your type? http://www. 16personalities.com/free-personali ty-test ‚Ä¶ #16Personalities";;;#16Personalities;"562471308886175744";https://twitter.com/diahdips/status/562471308886175744
;2015-02-01 22:32;0;1;"antone is an estp person which Bart Simpson also happens to b which means in some ways i am dating my fictional dream boy n irl dream dude";;;;"562136480752369664";https://twitter.com/warmsleepy/status/562136480752369664
;2015-02-01 00:57;0;0;"I am an ESTP (Assertive). @AeonFenrir @edsssssz";;@AeonFenrir @edsssssz;;"561810537164464128";https://twitter.com/pinoyguyguide/status/561810537164464128
;2015-01-29 19:05;0;0;"I am an ESTP (Assertive). What's your type? http://www. 16personalities.com/free-personali ty-test/994078a7b65f6318876ef20582acb0d6 ‚Ä¶ #16Personalities";;;#16Personalities;"560997116496338944";https://twitter.com/THEMaryDee/status/560997116496338944
;2015-01-28 07:26;0;0;"I am an ESTP (Assertive). What is your type? http://www. 16personalities.com/free-personali ty-test ‚Ä¶ #16Personalities";;;#16Personalities;"560458829838974976";https://twitter.com/AlexJGonzo_/status/560458829838974976
;2015-01-21 16:17;0;0;"I am an ESTP (Assertive). What is your type? http://www. 16personalities.com/free-personali ty-test ‚Ä¶ #16Personalities";;;#16Personalities;"558055773260251137";https://twitter.com/ByrneDavisJr/status/558055773260251137
;2015-01-21 00:19;0;1;"I am an ESTP ...";;;;"557814821073461249";https://twitter.com/norfarhanahanum/status/557814821073461249
;2015-01-17 20:40;0;0;"wadddddup, I am an ESTP . http://www. 16personalities.com/estp-personali ty ‚Ä¶";;;;"556672419843567617";https://twitter.com/codywhowell/status/556672419843567617
;2015-01-06 23:41;0;0;"I am an ESTP (Turbulent). What is your type? http://www. 16personalities.com/free-personali ty-test ‚Ä¶ #16Personalities";;;#16Personalities;"552731666754441216";https://twitter.com/anniiisssaa/status/552731666754441216
;2015-01-06 09:28;0;0;"I am an ESTP with an extremely low boredom threshold";;;;"552517042109427714";https://twitter.com/embuggy/status/552517042109427714
;2015-01-05 17:04;0;0;"interesting - I am an ESTP (Turbulent). What is your type? http://www. 16personalities.com/free-personali ty-test ‚Ä¶ #16Personalities";;;#16Personalities;"552269515220721664";https://twitter.com/djnarity/status/552269515220721664
;2014-12-29 08:55;0;0;"I WAS WONDERING WHAT MBTI DAMON WAS AND HES AN ESTP WHICH IS APPARENTLY ONE OF MY MATCHES. I AM BEYOND DONE.";;;;"549609695846367232";https://twitter.com/sillymako/status/549609695846367232
;2014-12-22 16:59;0;0;"I am an ESTP (Turbulent). What is your type? http://www. 16personalities.com/free-personali ty-test ‚Ä¶";;;;"547194717608611840";https://twitter.com/bdaysthot/status/547194717608611840
;2014-12-22 14:00;0;0;"I am an ESTP (Assertive). What is your type? http://www. 16personalities.com/free-personali ty-test ‚Ä¶ #16Personalities";;;#16Personalities;"547149626013270016";https://twitter.com/anytitleyoulike/status/547149626013270016
;2014-12-21 12:05;0;1;"@StefneMiller I am an ESTP";;@StefneMiller;;"546758347652104192";https://twitter.com/cgleerup/status/546758347652104192
;2014-12-05 00:23;0;1;"which is really funny bc takao is supposedly an ESTP while I am an INFJ which is the exact opposite";;;;"540783619254407168";https://twitter.com/makun0uchi/status/540783619254407168
;2014-11-24 09:40;0;0;"I am an ESTP (Turbulent). What is your type? http://www. 16personalities.com/free-personali ty-test/df52f469923345a82e2d8dfb6a221b4f ‚Ä¶";;;;"536937537324187648";https://twitter.com/Glenn_Coco29/status/536937537324187648
;2014-11-19 18:16;0;0;"I am an ESTP (Turbulent). What is your type? http://www. 16personalities.com/free-personali ty-test ‚Ä¶ #16Personalities";;;#16Personalities;"535255328602861568";https://twitter.com/joleniuk/status/535255328602861568
;2014-11-19 06:32;1;1;"i am an ukekin / she/her pronouns / estp / pls do not talk about semes very trigger";;;;"535078082814558209";https://twitter.com/Iudibrium/status/535078082814558209
;2014-11-17 08:38;0;0;"I am an ESTP (Assertive). What is your type? http://www. 16personalities.com/free-personali ty-test/c19669d75c198075fdc909ac0235cd61 ‚Ä¶ #16Personalities";;;#16Personalities;"534385113958588417";https://twitter.com/ChapmanBeck/status/534385113958588417
;2014-11-12 18:25;0;0;"I am an ESTP (Assertive). What is your type? http://www. 16personalities.com/free-personali ty-test ‚Ä¶ #16Personalities";;;#16Personalities;"532720761090215936";https://twitter.com/antitesa12/status/532720761090215936
;2014-11-04 13:55;0;0;"I am an ESTP (Turbulent). What is your type? http://www. 16personalities.com/free-personali ty-test ‚Ä¶ #16Personalities";;;#16Personalities;"529753717105369088";https://twitter.com/rubyrubyruby9/status/529753717105369088
;2014-11-04 08:45;0;0;"@CaptainFluke apparently I am also an ESTP . That's Extra Strong Toilet Paper, I am Andrex!";;@CaptainFluke;;"529675784257298434";https://twitter.com/HalfpintGamer/status/529675784257298434
;2014-11-03 10:13;0;0;"I am an ESTP personality | 16Personalities - http://www. 16personalities.com/estp-personali ty ‚Ä¶";;;;"529335529670594560";https://twitter.com/juliuslinardi/status/529335529670594560
;2014-11-01 20:43;0;0;"I am an ESTP . Hear me roar lol";;;;"528754166139981824";https://twitter.com/Bree_Hive/status/528754166139981824
;2014-10-29 23:24;0;0;"I am an ESTP - The Dynamo! http://www. truity.com/estp";;;;"527707698771423233";https://twitter.com/sera_merra/status/527707698771423233
;2014-10-29 14:50;0;0;"I am an ESTP (Assertive). What is your type? http:// ln.is/16personalitie s.com/GYJwu ‚Ä¶ #16Personalities";;;#16Personalities;"527578169491337217";https://twitter.com/blackcat30stm/status/527578169491337217
;2014-10-23 05:05;0;0;"I am an ESTP (Assertive). What is your type? http://www. 16personalities.com/free-personali ty-test/15201d7e8845f5762afeee119fa7a28d ‚Ä¶ #16Personalities";;;#16Personalities;"525256816431996928";https://twitter.com/JesseMeatch/status/525256816431996928
;2014-10-20 09:42;0;0;"I am an ESTP (Assertive). What is your type? http://www. 16personalities.com/free-personali ty-test/cd5ae4b735ce9a693c016557f4e4f148 ‚Ä¶ #16Personalities";;;#16Personalities;"524239367246577664";https://twitter.com/rizky_catur/status/524239367246577664
;2014-10-15 12:08;0;0;"I am an ESTP (Assertive). What is your type? http://www. 16personalities.com/free-personali ty-test ‚Ä¶ #16Personalities";;;#16Personalities;"522464086605328385";https://twitter.com/Junechrstn/status/522464086605328385
;2014-10-13 17:23;0;0;"I am an ESTP (Turbulent). What is your type? http://www. 16personalities.com/free-personali ty-test ‚Ä¶ #16Personalities";;;#16Personalities;"521818426428256257";https://twitter.com/neomugiyowo/status/521818426428256257
;2014-10-13 09:34;0;0;"I am an ESTP (Assertive). What is your type? http://www. 16personalities.com/free-personali ty-test/a22b6460f3b96e1f24512103cfc95451 ‚Ä¶ #16Personalities";;;#16Personalities;"521700551868682240";https://twitter.com/savirazura/status/521700551868682240
;2014-10-12 21:18;0;0;"I am an ESTP (Assertive). What is your type? http://www. 16personalities.com/free-personali ty-test ‚Ä¶ #16Personalities";;;#16Personalities;"521515171278114816";https://twitter.com/despinoza4/status/521515171278114816
;2014-10-10 01:57;0;0;"I am an ESTP (Assertive). What is your type? http://www. 16personalities.com/free-personali ty-test/61affe56c8abc0685da5fa61d5cff256 ‚Ä¶ #16Personalities";;;#16Personalities;"520498450412998657";https://twitter.com/lovelywinnieee/status/520498450412998657
;2014-10-08 05:59;0;0;"I am an ESTP (Assertive). What is your type? http://www. 16personalities.com/free-personali ty-test ‚Ä¶ #16Personalities Last time i took this test, the result is ESFP lol";;;#16Personalities;"519834412897165312";https://twitter.com/thanksic/status/519834412897165312
;2014-10-07 02:57;0;1;"My ideal type is an estp . I want to give off that don't fuck with my vibe but I am an actual marshmallow";;;;"519426212058632192";https://twitter.com/paragadeshepard/status/519426212058632192
;2014-10-05 23:41;0;0;"I am an ESTP (Turbulent). What is your type? http://www. 16personalities.com/free-personali ty-test/13956abfe3d7ded57755c911cf38efa8 ‚Ä¶ #16Personalities";;;#16Personalities;"519014462037032960";https://twitter.com/ZedGaff/status/519014462037032960
;2014-09-22 22:57;0;0;"I am an ESTP (Turbulent). What is your type? http://www. 16personalities.com/free-personali ty-test ‚Ä¶ #16Personalities";;;#16Personalities;"514292447346565120";https://twitter.com/itsethanc/status/514292447346565120
;2014-09-20 10:50;0;0;"I am an ESTP (Assertive). What is your type? http://www. 16personalities.com/free-personali ty-test ‚Ä¶ #16Personalities";;;#16Personalities;"513384797930921984";https://twitter.com/Gentlekatt/status/513384797930921984
;2014-09-19 00:52;0;0;"I am an ESTP (Assertive). What is your type? http://www. 16personalities.com/free-personali ty-test/05297982619d768924de820d27781f41 ‚Ä¶ #16Personalities";;;#16Personalities;"512871721754324992";https://twitter.com/nengkiky/status/512871721754324992
;2014-09-16 08:55;0;0;"I am an ESTP (Assertive). What is your type? http://www. 16personalities.com/free-personali ty-test ‚Ä¶ #16Personalities";;;#16Personalities;"511906313865936896";https://twitter.com/sumnthuh/status/511906313865936896
;2014-09-14 15:09;0;1;"I am an ESTP (Assertive). What is your type? http://www. 16personalities.com/free-personali ty-test ‚Ä¶ #16Personalities";;;#16Personalities;"511275692877955072";https://twitter.com/Jader_Totts/status/511275692877955072
;2014-09-13 17:36;0;0;"I am an ESTP";;;;"510950255068594176";https://twitter.com/sophia_oneill/status/510950255068594176
;2014-09-12 19:34;0;1;"I am an ESTP . Jen is an INFJ. Apparently opposites do attract (and make cute babies).";;;;"510617556814954496";https://twitter.com/jessehouchins/status/510617556814954496
;2014-09-06 04:22;0;1;"I am an ESTP (Assertive). What is your type? http://www. 16personalities.com/free-personali ty-test ‚Ä¶ #16Personalities #caipiraAgil #personalidadeAgil";;;#16Personalities #caipiraAgil #personalidadeAgil;"508213629246660608";https://twitter.com/alanbraz/status/508213629246660608
;2014-09-05 08:55;0;0;"I am an ESTP (Turbulent). What is your type? http://www. 16personalities.com/free-personali ty-test ‚Ä¶ #lhspsychology";;;#lhspsychology;"507919938502156288";https://twitter.com/GustavoGLHS/status/507919938502156288
;2014-08-31 12:55;0;0;"I am an ESTP (Turbulent). What is your type? http://www. 16personalities.com/free-personali ty-test/2a9c12013d6adef1a33ad0b6bbd078af ‚Ä¶ #16Personalities";;;#16Personalities;"506168416214872064";https://twitter.com/fentyskingbed/status/506168416214872064
;2014-08-26 01:59;0;0;"I am an ESTP (Assertive). What is your type? http://www. 16personalities.com/free-personali ty-test/274c3473f9e3691a7905d9a630d2a820 ‚Ä¶ #16Personalities";;;#16Personalities;"504191289357639680";https://twitter.com/ShadyElyaski/status/504191289357639680
;2014-08-25 23:53;0;0;"I am an ESTP (Turbulent). What is your type? http://www. 16personalities.com/free-personali ty-test/8ed8cdbc8edfa6b40b104f85782fcdff ‚Ä¶ #16Personalities";;;#16Personalities;"504159648891428864";https://twitter.com/dapperprogramer/status/504159648891428864
;2014-08-22 23:42;0;0;"I am an ESTP (Assertive). What is your type? http://www. 16personalities.com/free-personali ty-test/69f7b983371366928865b55d41ebce56 ‚Ä¶ #16Personalities";;;#16Personalities;"503069822414897152";https://twitter.com/jellaine17/status/503069822414897152
;2014-08-20 17:14;0;0;"I am an ESTP (Assertive). @magomez88 Cool test, I was ENFP last year. What is your type? http://www. 16personalities.com/free-personali ty-test ‚Ä¶ #16Personalities";;@magomez88;#16Personalities;"502247302719737856";https://twitter.com/MrEJoelF/status/502247302719737856
;2014-08-09 03:09;0;0;"@eff4h @aizatharith @SarahMutalif @_astronomica I'm a bit confused if I am an introvert or an extrovert. ISTP/ ESTP";;@eff4h @aizatharith @SarahMutalif @_astronomica;;"498048452274556928";https://twitter.com/myuizzu/status/498048452274556928
;2014-08-07 19:57;0;2;"@kumaween i am an estp i was meant to be in sales";;@kumaween;;"497577427653373952";https://twitter.com/necrochasm/status/497577427653373952
;2014-08-06 14:30;0;0;"I am an ESTP (Assertive). What is your type? http://www. 16personalities.com/free-personali ty-test/622d7508bbc741327ec5e60432c7b8e0 ‚Ä¶ #16Personalities";;;#16Personalities;"497132596501831681";https://twitter.com/quitamagic/status/497132596501831681
;2014-08-04 10:53;0;0;"Which myers-briggs (MBTI) personality type are you? I am an #ESTP";;;#ESTP;"496353223381647360";https://twitter.com/andrewschro/status/496353223381647360
;2014-08-01 17:33;0;0;"IM LAUGHING SO HARD IT SAYS ESTP I AM NOT AN EXTROVERT";;;;"495366622110941184";https://twitter.com/hanamama_mia/status/495366622110941184
;2014-07-31 15:31;0;0;"I am an ESTP (Turbulent). What is your type? http://www. 16personalities.com/free-personali ty-test/4ab6f845a6453a6b2f9c25d73d6b95e5 ‚Ä¶ #16Personalities";;;#16Personalities;"494973679281790976";https://twitter.com/RiosJG/status/494973679281790976
;2014-07-29 10:45;0;0;"I am an ESTP (Turbulent). What is your type? http://www. 16personalities.com/free-personali ty-test ‚Ä¶ #16Personalities";;;#16Personalities;"494176809101967362";https://twitter.com/dwitasepti/status/494176809101967362
;2014-07-16 23:49;0;0;"I went out for hours and hours and bought so much stuff and I am still not all that tired??? I think my estp friend is an energiser for me";;;;"489663270131748864";https://twitter.com/genesisjacket/status/489663270131748864
;2014-07-13 19:34;0;0;"I am apparently an ESTP in regards to the Meyers Briggs test. I know you all wanted to know, so there you go.";;;;"488511921499693056";https://twitter.com/ascendantlogic/status/488511921499693056
;2014-07-05 16:55;0;0;"and now i am an ESTP ?";;;;"485572679638851584";https://twitter.com/canucksndragons/status/485572679638851584
;2014-07-02 11:48;1;0;"@davidjozeph this has been blowing my mind... I am an ESTP - The Dynamo! http://www. truity.com/estp #LO flashback";;@davidjozeph;#LO;"484408227438682112";https://twitter.com/louro20/status/484408227438682112
;2014-07-01 09:27;0;0;"I am such an ESTP personality type its unreal...";;;;"484010472124186624";https://twitter.com/jstreez/status/484010472124186624
;2014-06-30 21:15;0;1;"@aperscape i googled shane's and they said he was an estp so i am one letter away from the bae";;@aperscape;;"483826290013634560";https://twitter.com/bernthaI/status/483826290013634560
;2014-06-14 12:44;0;0;"Apparently I am an ESTP personality type according to Jungian personality test.";;;;"477899372697382912";https://twitter.com/TPoetic/status/477899372697382912
;2014-06-02 02:26;0;0;"according to this test, i am an estp type ok now what to do im getting really bored and fidgety";;;;"473395106964185088";https://twitter.com/TheWeekdy_/status/473395106964185088
;2014-05-01 14:35;0;0;"@NJTversky And now you make me sound like an Agatha Christie character. Thank you! Btw, I am an ESTP whatever that is.";;@NJTversky;;"461982255226052608";https://twitter.com/jazy736/status/461982255226052608
;2014-04-23 08:06;0;0;"i am an estp while my brother is an isfp";;;;"458985293966610432";https://twitter.com/halfbloodead/status/458985293966610432
;2014-04-16 01:42;0;0;"I am an ESTP - The Dynamo! http://www. truity.com/estp";;;;"456351853408559104";https://twitter.com/sera_merra/status/456351853408559104
;2014-04-08 22:21;0;0;"I am an ESTP ... It describes me perfectly. What are you? #mbti #myersbriggs #personalitytest https://www. personalitypage.com/html/ESTP.html";;;#mbti #myersbriggs #personalitytest;"453764720906887168";https://twitter.com/melicioushoney/status/453764720906887168
;2014-04-01 05:39;0;0;"Sawa Madonna. :''D RT @faiyeestella : @I_am _RachelN according to that test i am an ESTP . kai :/";;@faiyeestella @I_am;;"450975774020218880";https://twitter.com/Iam_RachelN/status/450975774020218880
;2014-04-01 05:36;0;0;"@I_am _RachelN according to that test i am an ESTP . kai :/";;@I_am;;"450974861276348416";https://twitter.com/faiyeestella/status/450974861276348416
;2014-03-27 06:42;0;0;"I am an ESTP Personality. It's got me down to an absolute T. That's a little scary actually.";;;;"449179653895622656";https://twitter.com/68InchesOfLeg/status/449179653895622656
;2014-03-26 18:24;0;0;"So according to this personality test .... I am considered to be an ESTP .. Extrovert, Sensor, Thinker, Perceiver ... Sounds about right!";;;;"448993867434819584";https://twitter.com/H0llyw00dsue/status/448993867434819584
;2014-02-25 03:18;0;0;"Just took a Myers Briggs teat and I am evenly split between an ESTP and ESFP. #meyersbriggs #junge ‚Ä¶ http:// instagram.com/p/k1kwqFpIL-/";;;#meyersbriggs #junge;"438271702729256960";https://twitter.com/missyshenanigan/status/438271702729256960
;2014-02-24 22:59;0;0;"I did a personality profile at work yesterday, I am an " ESTP " personality... So I Googled it. Sounds like me --> https://www. personalitypage.com/html/ESTP.html";;;;"438206678581121024";https://twitter.com/Glynnryan/status/438206678581121024
;2014-02-10 16:52;0;1;"After three tests, I can officially confirm I am an ESTP .";;;;"433040709890093056";https://twitter.com/austinbpeacock/status/433040709890093056
;2014-01-28 13:11;0;1;"@KrazyKnia haha Yes I am ! I'm an INFJ! I feel and paint with the colors of the wind! INFJ <3's ESTP !";;@KrazyKnia;;"428274146443661312";https://twitter.com/cassiet_omg/status/428274146443661312
;2013-12-27 17:24;0;0;"Today I learned I am an ESTP .";;;;"416741347014750208";https://twitter.com/austinbpeacock/status/416741347014750208
;2013-12-13 01:50;0;0;"Looking back on my #MyersBriggs #MBTI and I am an #ESTP";;;#MyersBriggs #MBTI #ESTP;"411432856591015936";https://twitter.com/denispatel1/status/411432856591015936
;2013-11-14 02:47;0;0;"@10dulkarDreams I was happy with ESTP . now that I have became an ENTJ, I am at the SteveJobs level! loving it! :P";;@10dulkarDreams;;"400938148017876992";https://twitter.com/manedarshan/status/400938148017876992
;2013-09-24 09:58;0;0;"I am an ESTP .";;;;"382549498183970816";https://twitter.com/Mo_WithTheFlow/status/382549498183970816
;2013-09-19 16:16;0;1;"Ok, I have gotten an ESTP 4 out of 5 times, I think...I'm starting to lose count. So I figure I am Ginny Weasley and The Chicken. #HP #OITNB";;;#HP #OITNB;"380832842902552576";https://twitter.com/s_wilhite/status/380832842902552576
;2013-09-11 16:41;0;0;"I took the MBTI personality test & I am an ESTP . Extraversion. Sensing. Thinking. Perceiving. Umm. I don't think so.";;;;"377940072219549697";https://twitter.com/purplebull7/status/377940072219549697
;2013-09-11 06:15;0;0;"Hmm, I am now an ESTP rather than the ESTJ when I did a Myers Briggs test 15 yrs ago. Think quiz was too short & they got the P/J bit wrong!";;;;"377782492759334912";https://twitter.com/danusiaj/status/377782492759334912
;2013-09-04 23:13;0;0;"I am an ESTP . Like Sasha Grey. Pwede rin Madonna, TSwift, Winston Churchill, Donald Trump, but SASHA GREY!!!!!";;;;"375501918493085697";https://twitter.com/rodralphz/status/375501918493085697
;2013-07-20 20:43;0;0;"I am an ESTP /Persuader, like 10% of the population. Download the Personality Test app to learn your type. http:// ahelms.com/apps/pt.htm";;;;"358794356292976640";https://twitter.com/tinapplemint/status/358794356292976640
;2013-07-15 03:00;0;0;"I am an ESTP /Persuader, like 10% of the population. Download the Personality Test app to learn your type. http:// ahelms.com/apps/pt.htm";;;;"356714797292720131";https://twitter.com/sxk___/status/356714797292720131
;2013-07-13 17:32;1;1;"I am an ESTP /Persuader, like 10% of the population. Download Test app to learn your type. http:// ahelms.com/apps/pt.htm @DanielMahoney94";;@DanielMahoney94;;"356209671763267584";https://twitter.com/Sej_II/status/356209671763267584
;2013-07-13 15:48;0;0;"I am an ESTP /Persuader, like 10% of the population. Download the Personality Test app to learn your type. http:// ahelms.com/apps/pt.htm";;;;"356183459917594624";https://twitter.com/LakersJakers/status/356183459917594624
;2013-07-13 14:47;0;0;"I am an ESTP /Persuader, like 10% of the population. Download the Personality Test app to learn your type. http:// ahelms.com/apps/pt.htm";;;;"356167947389124610";https://twitter.com/SharonSegrave/status/356167947389124610
;2013-07-13 14:32;0;0;"I am an ESTP /Persuader, like 10% of the population. Download the Personality Test app to learn your type. http:// ahelms.com/apps/pt.htm";;;;"356164153544675329";https://twitter.com/DazlufcMc/status/356164153544675329
;2013-07-13 13:10;0;0;"I am an ESTP /Persuader, like 10% of the population. Download the Personality Test app to learn your type. http:// ahelms.com/apps/pt.htm";;;;"356143653665783812";https://twitter.com/monaphel/status/356143653665783812
;2013-07-13 11:05;0;0;"I am an ESTP /Persuader, like 10% of the population. Download the Personality Test app to learn your type. http:// ahelms.com/apps/pt.htm";;;;"356112155667480576";https://twitter.com/isnahmed/status/356112155667480576
;2013-07-13 07:24;0;1;"I am an ESTP /Persuader, like 10% of the population. Download the Personality Test app to learn your type. http:// ahelms.com/apps/pt.htm";;;;"356056660277592064";https://twitter.com/denisemejong/status/356056660277592064
;2013-07-13 07:18;0;0;"I am an ESTP /Persuader, like 10% of the population. Download the Personality Test app to learn your type. http:// ahelms.com/apps/pt.htm";;;;"356054986272157698";https://twitter.com/ZeeShanAlaM08/status/356054986272157698
;2013-07-13 04:57;0;0;"I am an ESTP /Persuader, like 10% of the population. Download the Personality Test app to learn your type. http:// ahelms.com/apps/pt.htm";;;;"356019643086942208";https://twitter.com/OZM312/status/356019643086942208
;2013-07-13 04:46;0;0;"I am an ESTP /Persuader, like 10% of the population. Download the Personality Test app to learn your type. http:// ahelms.com/apps/pt.htm";;;;"356016877992022016";https://twitter.com/perempt/status/356016877992022016
;2013-07-13 00:20;0;0;"I am an ESTP /Persuader, like 10% of the population. Download the Personality Test app to learn your type. http:// ahelms.com/apps/pt.htm";;;;"355949717332557824";https://twitter.com/iamengilbert/status/355949717332557824
;2013-06-12 19:42;0;0;"@MBTIProblems @CssndrSmth I resent this tweet as I am an ESTP #WeRock";;@MBTIProblems @CssndrSmth;#WeRock;"345008309515976705";https://twitter.com/RealDowJones/status/345008309515976705
;2013-05-06 23:51;1;0;"I did that lil mysbrgs thing the other day and I am an ESTP http://www. personalitypage.com/ESTP.html";;;;"331662493443293184";https://twitter.com/snapbaeks/status/331662493443293184
;2013-05-04 22:07;0;0;"@majivugirl I am definitely an ESTP ...";;@majivugirl;;"330911573155663872";https://twitter.com/Haemor/status/330911573155663872
;2013-04-08 14:15;0;1;"I took this test it told me I'm an ESTP personality I told my teacher the only thing I am is HNIC head nigga in charge";;;;"321370729369190400";https://twitter.com/EdgarWavydon/status/321370729369190400
;2013-03-29 12:37;0;0;"I am an ESTP";;;;"317722248171618304";https://twitter.com/lindscatphoto/status/317722248171618304
;2013-03-25 04:01;0;0;"I am an INFJ living in an ESTP world! http:// personalitydesk.com/infj";;;;"316142786976026625";https://twitter.com/TessNobile/status/316142786976026625
;2013-03-19 15:55;0;0;"@HardhatJelon I am an ESTP";;@HardhatJelon;;"314148136434155520";https://twitter.com/harryfmarshall/status/314148136434155520
;2013-03-14 01:47;0;0;"I am a ESTP I am exactly like the description of my personality. It works an I know it works because a psychologist friend of mine told me";;;;"312122709775630337";https://twitter.com/Joeleh82/status/312122709775630337
;2013-03-13 18:33;0;1;"I am told I am an ESTP . What does that mean & is it helpful to me in any way?";;;;"312013678880882688";https://twitter.com/TimKerrick/status/312013678880882688
;2013-03-13 13:02;0;0;"according to lunch break internetting, i am an ESTP . http://www. personalitypage.com/ESTP.html";;;;"311930215393800192";https://twitter.com/dallyboytx/status/311930215393800192
;2013-03-09 09:42;0;0;"Today, I am an ESTP . What does it meaaaaaaaaaaan?! D: Am I a robot yet? :3";;;;"310445577324339200";https://twitter.com/DizFoley/status/310445577324339200
;2013-03-03 04:46;0;0;"I look at things objectively. I wont tolerate wrongdoings no matter how dear a person is to me. Yeah, i am an estp type.haha";;;;"308196614525288448";https://twitter.com/iamJhoannaVcruz/status/308196614525288448
;2013-02-19 21:10;0;0;"Found out that I am an ESTP (Extraversion, Sensing, Thinking, Perception)! Cool rough idea of who I am :)";;;;"304095781433012224";https://twitter.com/JBarbss/status/304095781433012224
;2013-02-12 17:57;0;0;"@JasonRoop Ahhhh, I am an ESFJ and @horhey is a ESTP (they are the BEST letters to party with, btw)";;@JasonRoop @horhey;;"301510443187445760";https://twitter.com/kindnessgirl/status/301510443187445760
;2013-02-08 19:41;0;0;"I am an ESTP . "The Doer". After all these years of taking the "other" tests, I finally took the one at the reference site and found myself.";;;;"300086926508191744";https://twitter.com/Von_M/status/300086926508191744
;2013-01-22 17:36;0;0;"I am an ESTP :)";;;;"293895029611704320";https://twitter.com/christiegoodman/status/293895029611704320
;2013-01-15 05:43;0;0;"I am an ESTP -Extrovert, sensing, thinking, permissive.";;;;"291178865177546752";https://twitter.com/dharellbaider/status/291178865177546752
;2013-01-14 19:00;0;0;"I am an ESTP . #personalitytest";;;#personalitytest;"291016864107200512";https://twitter.com/SassyMerican/status/291016864107200512
;2012-12-27 07:00;0;0;"No, you see, Snoop Dogg is an ESTP and I am an INFP.";;;;"284312863781310464";https://twitter.com/ggingerrr/status/284312863781310464
;2012-12-21 11:42;0;0;"Yahhh so I am an #ESTP personality type. Perhaps I should just embrace it.";;;#ESTP;"282209484598820865";https://twitter.com/Freedom2Fail/status/282209484598820865
;2012-12-16 05:18;0;0;"I am the MBTI collector. So I need an INTP, an ISTP, an ISFP, and an ESTP .";;;;"280300851862589440";https://twitter.com/Escrivaillon/status/280300851862589440
;2012-10-29 07:24;0;0;"Fridays assessment makes me feel cheated; what does stable and well groomed got to do in getting the job done. Hello I am an ESTP remember.";;;;"262922966604595200";https://twitter.com/ressmoreeee/status/262922966604595200
;2012-09-27 20:38;0;0;"@simplystriving I am either an ESTP or ESTJ. Can't remember the last letter #fmfparty";;@simplystriving;#fmfparty;"251526165917995009";https://twitter.com/MindyVBowman/status/251526165917995009
;2012-08-30 11:08;0;0;"i am an ESTP . | http:// wp.me/s1zfjw-estp";;;;"241235926892806144";https://twitter.com/adampaulcooper/status/241235926892806144
;2012-08-20 10:59;0;0;"OH GOD I AM AN * ESTP * NOW. I really liked being an ENFP. It does make more sense... #mbti";;;#mbti;"237609899788472320";https://twitter.com/Grategatsby/status/237609899788472320
;2012-07-24 09:20;0;0;"I am definitely an ESTP .";;;;"227800457408569346";https://twitter.com/SirKingofGifs/status/227800457408569346
;2012-07-21 17:41;0;0;"My mother just did a personality thing to me. I am an " ESTP ".";;;;"226839271972151296";https://twitter.com/shanewreckd/status/226839271972151296
;2012-07-20 02:19;0;0;"Kl emg udh personality ga bs diubah ya? B'kali2 tes MBTI ttp aja hasilnya type ESTP . I am an extrovert. But i think introvert is more cool.";;;;"226244974285570048";https://twitter.com/NeniArini/status/226244974285570048
;2012-07-09 15:48;0;0;"@rockdoves I am labeled as an ENFJ/ ESTP , but I consistently act like an introvert, so I'm not sure the test was formatted correctly.";;@rockdoves;;"222462186239426560";https://twitter.com/slasher48/status/222462186239426560
;2012-06-21 01:30;0;0;"What's Your Animal Personality Type? I am an ESTP http://www. buzzfeed.com/summeranne/wha ts-your-animal-personality-type ‚Ä¶";;;;"215723335588380672";https://twitter.com/missconfig/status/215723335588380672
;2012-06-05 18:07;0;0;"I am incapable of working on two big projects in the say day. This is probably the 5th letter/symbol on Meyers Briggs, making me an ESTP >";;;;"210176003107078145";https://twitter.com/Weegee/status/210176003107078145
;2012-05-22 04:20;0;0;"Ooh I am an ESTP ! Who'd have thunk it!! #myersbriggs Only taken me two years to pluck up the courage to find out! #careers";;;#myersbriggs #careers;"204894559858208768";https://twitter.com/SteveWallers/status/204894559858208768
;2012-04-29 22:01;0;0;"Apparently I am an ESTP . does this surprise anyone? it does me cause I don't even know what it means O.o";;;;"196826563352862720";https://twitter.com/azazal78/status/196826563352862720
;2012-04-18 12:38;0;0;"Well apparently I am an ESTP personality! How exciting!!";;;;"192698716602376193";https://twitter.com/astromtb/status/192698716602376193
;2012-04-17 08:02;0;0;"Yeah, i am an ESTP . #MBTI";;;#MBTI;"192266754834182144";https://twitter.com/SleuyterNiels/status/192266754834182144
;2012-04-16 16:33;0;0;"I took the Meyers Briggs again only because my horoscope said to do so. I am still an #ESTP #MeyersBriggs";;;#ESTP #MeyersBriggs;"192033103202627584";https://twitter.com/BAMBAMBPT/status/192033103202627584
;2012-03-08 11:08;0;0;"I am an ESTP . Feel free to file that under - Useless Tweet #myersbriggs";;;#myersbriggs;"177833066465726468";https://twitter.com/sweetharmony/status/177833066465726468
;2012-01-29 07:40;0;0;"I am an ESTP according to Myers-Briggs ....couldn't be more spot on!!";;;;"163647618151497728";https://twitter.com/Tallyy/status/163647618151497728
;2011-12-28 21:46;0;0;"My sister @coodle10 is an ESTP , I am ann INFJ. OPPOSITES MUCH?";;@coodle10;;"152264120824102914";https://twitter.com/craaae/status/152264120824102914
;2011-12-10 21:52;0;0;"OKAY SO I AM AN ESTP , OKAY. :'D";;;;"145742721414471680";https://twitter.com/nosrslystfu/status/145742721414471680
;2011-10-19 17:56;0;0;"I am an ' ESTP ' / 'ISTP'-- take the test / learn something about yourself.";;;;"126824045026099200";https://twitter.com/alexyarns/status/126824045026099200
;2011-10-04 12:33;0;0;"According to Myers -Briggs short test I am an ESTP . What are you? http:// bit.ly/qhBKZT";;;;"121306883834380289";https://twitter.com/lindsayclamb/status/121306883834380289
;2011-08-15 13:49;0;0;"@Thirby I am an ESTP .";;@Thirby;;"103206665670762497";https://twitter.com/TyOlson/status/103206665670762497
;2011-07-04 05:36;0;1;"http://bit.ly/kQngnW so apparently I am an ESTP personality type - "The Persuader" think I agree. Want to check yours? http://bit.ly/fdywzF";;;;"87862220435894272";https://twitter.com/emlingtonpost/status/87862220435894272
;2011-06-24 12:00;0;0;"huh apparently I am an ESTP";;;;"84335037356580865";https://twitter.com/azazal78/status/84335037356580865
;2011-03-10 08:49;0;0;"The MBTI says that I am an ESTP . #PsyDTweet";;;#PsyDTweet;"45888935402016768";https://twitter.com/Nollie38/status/45888935402016768
;2011-02-27 07:36;0;0;"I was an ESTP , but now I am an ENTP... http://www.mypersonality.info/etersoul/";;;;"41884479236734976";https://twitter.com/etersoul/status/41884479236734976
;2011-02-14 02:36;0;0;"@HayesThompson @berniegerm that's a cool link, I am an ESTP or a doer apparently. Glad it didn't come back with marketing bullshitter!!";;@HayesThompson @berniegerm;;"37097769982373888";https://twitter.com/crabbitcopy/status/37097769982373888
;2011-01-31 09:43;0;0;"RT @Nickodimis : i am an ESTP . it is fun being referred to as a sociopath http://bit.ly/g2AneD";;@Nickodimis;;"32131894116098048";https://twitter.com/KellyAlysia/status/32131894116098048
;2011-01-22 16:37;0;0;"well I guess i am an ESTP . I kinda feel like this doesn't fit me tho. hmmm";;;;"28974484245446656";https://twitter.com/mallyeryn/status/28974484245446656
;2010-12-28 05:30;0;0;"I am an ESTP - What is ESTP ? I just logged in http://www.mypersonality.info then I found the result. I have... http://tumblr.com/xvr15atpdu";;;;"19746927818047488";https://twitter.com/PANDANS/status/19746927818047488
;2010-12-20 12:36;0;0;"What? ESTP ?: So it appears that I am an ESTP , having been horribly wrong about myself in application to MBTI (not that http://bit.ly/g4Iesi";;;;"16955011099533312";https://twitter.com/personalitycafe/status/16955011099533312
;2010-12-11 01:16;0;0;"An INFJ with OCD: I am an ESTP doctor, and I had only met INFJs online. The first one I met had a hatred of men and a http://bit.ly/fA8MxL";;;;"13522399530057728";https://twitter.com/personalitycafe/status/13522399530057728
;2010-12-05 22:05;0;0;"I am an ESTP (personality test). This means a Promoter/Doer and I'm Fluent in Spanish";;;;"11662554409476096";https://twitter.com/DanHuie/status/11662554409476096
;2010-11-20 09:06;0;0;"I'll admit, I wish I was ESTP .: Yeah so either I AM an ESTP with a terrifying adrenaline response when meeting new http://bit.ly/9nZnlR";;;;"6030519338803200";https://twitter.com/personalitycafe/status/6030519338803200
;2010-11-17 23:16;0;0;"ESTP guy and INFJ girl Can they make it in a relationship?? HELP!**: ((This is about my sister who is an infj( I am one http://bit.ly/bUmyU9";;;;"5157269373190144";https://twitter.com/personalitycafe/status/5157269373190144
;2010-10-31 07:23;0;0;"ENTP eh? @apbeecher Love the Myers Brigs, I am an ESTP #KnowWhoYouAre";;@apbeecher;#KnowWhoYouAre;"29281121186";https://twitter.com/DarinRMcClure/status/29281121186
;2010-08-19 22:40;0;0;"And now, according to another Jung test, I am an ESTP . Fortunately, I don't have to find a new job with this one.";;;;"21640555791";https://twitter.com/BradMcCarty/status/21640555791
;2010-07-31 19:46;0;0;"I am ESxP...help me out!: So, for the longest time I've been convinced that I'm an ESTP . Whenever I take a test I often http://bit.ly/aCFfiZ";;;;"20036314075";https://twitter.com/personalitycafe/status/20036314075
;2010-07-17 22:16;0;0;"roomates and apartments: So, I'll make this short and sweet. I am an ENFP and my brother is an ESTP we are getting an http://bit.ly/aqPwhl";;;;"18817956863";https://twitter.com/personalitycafe/status/18817956863
;2010-07-17 00:16;0;0;"It's me, an INFJ. What are you like? O_O: So here I am in the den of my rivals: the fearsome ESTP , an unstoppable force http://bit.ly/9Lk8k3";;;;"18750328156";https://twitter.com/personalitycafe/status/18750328156
;2010-07-13 13:56;0;0;"how can i show my love for an ESTP ???: my mother is an ESTP and i am an INFP. we do not get along and i know i still http://bit.ly/aSC053";;;;"18465634044";https://twitter.com/personalitycafe/status/18465634044
;2010-06-19 04:06;0;0;"Mother-In-Law to an ISFJ. Help need suggestions!!: My daughter ( ESTP ) just got married last Friday to an ISFJ. I am an http://bit.ly/9x9Ewg";;;;"16538124660";https://twitter.com/personalitycafe/status/16538124660
;2010-05-04 17:16;0;0;"Is this person an ENTP or ESTP ?: I am usually so good at typing people... but this particular person is throwing me for http://bit.ly/ant9AF";;;;"13393039018";https://twitter.com/personalitycafe/status/13393039018
;2010-04-20 03:30;0;0;"According to the Myers-Briggs Type Indicator I am an ESTP . Fascinating. Careers suggestions include carpenter and marketing professional.";;;;"12508822354";https://twitter.com/JamesatGMAC/status/12508822354
;2010-04-16 03:43;0;0;"oh.. i am an ESTP !! i think it did change after a year.";;;;"12275903190";https://twitter.com/jacinthoriya/status/12275903190
;2010-03-25 16:53;0;0;"nice concise Meyers & Briggs page http://bit.ly/dtGkjP - I am an ESTP , but I haven't done the test in a while.";;;;"11060375749";https://twitter.com/jcpoyser/status/11060375749
;2010-03-13 09:46;0;0;"What are we when we are alone?: I am an ESTP , but I can't escape the feeling of duality I feel. around ppl I feel as http://bit.ly/drFy3c";;;;"10431340408";https://twitter.com/personalitycafe/status/10431340408
;2010-03-10 04:37;0;0;"@laverneshow I came out as ESTP and it says I should be working as an Information System Specialist and I am an Information Architect close!";;@laverneshow;;"10269099193";https://twitter.com/rob_cornelius/status/10269099193
;2010-02-25 15:22;0;0;"Test results are in. I am officially now an ESTP , watch out Tweeps! http://is.gd/9bUVw";;;;"9648645591";https://twitter.com/ooh_lala/status/9648645591
;2010-02-09 12:35;0;0;"@jimcaruso http://typealyzer.com says ESTP , and I am also an ENTP! Maybe it's a Tyler Durden situation. I blog in an alt personality.";;@jimcaruso;;"8869720044";https://twitter.com/23d/status/8869720044
;2010-02-06 08:49;0;0;"Myers-Briggs says that I am an ESTP (Extroverted, Sensing, Thinking, Perceiving)";;;;"8728131503";https://twitter.com/classickira/status/8728131503
;2010-02-03 09:40;0;0;"I am an ESTP now, @shashakinah ! WHAT?";;@shashakinah;;"8596290873";https://twitter.com/desperadroo/status/8596290873
;2010-01-26 17:57;0;0;"Glad to know I am an ESTP - now can I have my 3 hours back?";;;;"8260788058";https://twitter.com/thoben/status/8260788058
;2009-10-15 10:19;0;0;"I am an ESTP - not too off the base I guess. http://bit.ly/1Ly38L";;;;"4893574414";https://twitter.com/akgoyal/status/4893574414
;2009-10-11 10:06;0;0;"INTJ/ ESTP Compatibility: I am an INTJ and have question for ESTPs regarding compatibility with each other. For some http://bit.ly/2E8SBn";;;;"4787674566";https://twitter.com/personalitycafe/status/4787674566
;2009-09-03 06:50;0;0;"My personality remains the same. 5 years later, I am still an ESTP .";;;;"3733780388";https://twitter.com/yunapark/status/3733780388
;2009-08-11 07:16;0;0;"After examining I think I am more of an ESTP .";;;;"3245844920";https://twitter.com/ARBetts/status/3245844920
;2009-06-12 08:49;0;0;"@jessicasaling Glad you have been "typed" Dick is an INTP and I am an ESTP . This is an assessment I do in my training business.";;@jessicasaling;;"2132737476";https://twitter.com/CarolynDuncan/status/2132737476
;2009-04-09 14:47;0;0;"@ColinUdeLewis I am having fun learning - I have an ESTP , an ENFP and an ENTJ lined up for a video chat - hope to add their offices as well";;@ColinUdeLewis;;"1486307858";https://twitter.com/SandyMcMullen/status/1486307858
;2009-03-27 13:08;0;0;"@CouchSurfingOri Sorry disagree with that philosophy... of course I am an ESTP so what the heck do I know?";;@CouchSurfingOri;;"1403112617";https://twitter.com/scottbradley77/status/1403112617
;2009-03-24 12:43;0;0;"@MarketingProfs one blog has me an INTJ ( I am SO not one of those); the other as ESTP - in real life I'm an ENTP or ENTF. I'm just sayin'...";;@MarketingProfs;;"1383595151";https://twitter.com/ruthseeley/status/1383595151
;2009-01-29 12:13;0;0;"I AM AN ESTP ... what are you?";;;;"1159533025";https://twitter.com/omytodd/status/1159533025
;2008-12-16 09:23;0;0;"@cuevash I did it too and mine was ISTP. I am always an ESTP . I don't think I am an I but the rest was right on.";;@cuevash;;"1060999251";https://twitter.com/capohanka/status/1060999251
;2008-12-01 08:19;0;0;"@CBJason I am an ESTP (Doer) http://tinyurl.com/5k2op7";;@CBJason;;"1032485898";https://twitter.com/aj_wood/status/1032485898
;2008-11-30 00:52;0;0;"@life_enthusiast My blog is also classed as as an ESTP blog, although I am actually an ENFJ. I can see why it would say that, though.";;@life_enthusiast;;"1030506480";https://twitter.com/ekverstania/status/1030506480
;2008-11-20 13:37;0;0;"interesting, blueorchidblog.com is ESFP & thesmartplanner.com is ESTP . I am personally an ISFP, but borderline J, on the myersbriggs tests.";;;;"1015427988";https://twitter.com/thinksplendid/status/1015427988
;2008-11-20 08:41;0;0;"I am being Myers Brigged....am an ESTP apparently. Tips, counselling and advice required.";;;;"1014957919";https://twitter.com/DavidBrain/status/1014957919
;2008-09-23 10:04;0;0;"@vsr i am an estp as well......";;@vsr;;"931901044";https://twitter.com/soumna/status/931901044
;2008-07-01 13:32;0;0;"I am an ESTP "Promoter", which means I'd make a good con man! http://www.personalitytest.net/types/descriptions/index.htm";;;;"847911473";https://twitter.com/Jmartens/status/847911473
;2008-04-24 03:12;0;0;""Where an ESTP sees ideas as the pawn of reality, an INTJ sees reality as the pawn of ideas." Woo Hoo! I love myself. I am vain I know.";;;;"795822979";https://twitter.com/vimoh/status/795822979